manufacturer_id,seller_id,name,price,winter,truck,brand,category_id
990506,4836359,Замок зажигания Eurotech,"1,710.00",,1,EMMERE,5
980014,41001890,Пружина кабины Eurotech,"1,705.00",,1,EMMERE,5
960705,93161976,К/т фиксаторов суппорта Eurocargo,495.00,,1,EMMERE,5
980011,41019147,Пружина кабины Eurotech,"1,705.00",,1,EMMERE,5
905909,61597791,Хомут гофры 77мм Eurotech,248.00,,1,EMMERE,5
100960,98413847,Сайленблок рессоры Eurocargo 16x47x74,289.00,,1,EMMERE,5
101056,98473621,Воздухозаборник Eurotech,"1,298.00",,1,EMMERE,5
960712,42530520,Поршень суппорта Eurocargo,"2,560.00",,1,EMMERE,5
960711,42530519,Поршень суппорта Eurocargo,"1,015.00",,1,EMMERE,5
905527,61319208,Прокладка выхлопного коллектора Eurotech,119.00,,1,EMMERE,5
905517,1319208,Прокладка выхлопного коллектора Eurotech,78.00,,1,EMMERE,5
900512,8162322,Гофра Eurotech,"1,535.00",,1,EMMERE,5
960704,93161756,К/т болтов суппорта Eurocargo,232.00,,1,EMMERE,5
960706,93161977,Р/к поршня суппорта Eurocargo,"1,252.00",,1,EMMERE,5
960847,93161757,К/т креплений суппорта Eurocargo,232.00,,1,EMMERE,5
960707,93162050,К/т пыльников суппорта IVECO,"1,082.00",,1,EMMERE,5
960709,42541413,К/т пыльников суппорта IVECO,"1,139.00",,1,EMMERE,5
963025,7980408,К/т пыльников тормозного цилиндра Iveco,515.00,,1,EMMERE,5
963541,42531677,Пыльник тормозного цилиндра IVECO,103.00,,1,EMMERE,5
960708,42538002,Р/к тормозного суппорта Iveco,"2,272.00",,1,EMMERE,5
960710,42541412,Р/к тормозного суппорта Iveco,"2,220.00",,1,EMMERE,5
963001,42491950,Р/к тормозного цилиндра Iveco (060.524),"1,947.00",,1,EMMERE,5
963022,7980405,Р/к тормозного цилиндра Iveco,969.00,,1,EMMERE,5
963023,7980406,Р/к тормозного цилиндра Iveco,969.00,,1,EMMERE,5
963024,7980407,Р/к тормозного цилиндра Iveco (060.527),799.00,,1,EMMERE,5
711935,93161621,Р/к тормозного цилиндра Iveco (963536),"1,314.00",,1,EMMERE,5
963547,93161353,Р/к тормозного цилиндра Iveco,799.00,,1,EMMERE,5
963017,42480062,Шток тормозной камеры Iveco,346.00,,1,EMMERE,5
960837,93162075,К/т пыльников суппорта Euro Cargo (D-60),402.00,,1,EMMERE,5
960843,93162043,К/т пыльников суппорта Euro Cargo,402.00,,1,EMMERE,5
960841,93162076,К/т пыльников суппорта Euro Cargo (D-68),402.00,,1,EMMERE,5
960849,93161759,Р/к суппорта Euro Cargo,"1,025.00",,1,EMMERE,5
963020,42491974,Р/к тормозного цилиндра Iveco (060.525),938.00,,1,EMMERE,5
750964,42537884,К/т пыльников тормозного цилиндра Iveco Astra HD8,881.00,,1,EMMERE,5
963025,7980408,Р/к тормозного цилиндра Iveco,685.00,,1,EMMERE,5
963005,42480059,Упор тормозного цилидра Iveco,459.00,,1,EMMERE,5
963006,42480058,Упор тормозного цилидра Iveco,258.00,,1,EMMERE,5
963007,42480060,Упор тормозного цилидра Iveco,299.00,,1,EMMERE,5
963009,42531676,Упор тормозного цилидра Iveco,608.00,,1,EMMERE,5
963575,42537758,Упор тормозного цилидра Iveco,"1,025.00",,1,EMMERE,5
103602,4606624,Сайленблок стабилизатора Iveco 20х46х42,217.00,,1,EMMERE,5
750914,93161254,Р/к тормозного цилиндра Iveco (963019)-------/060.558,"1,602.00",,1,EMMERE,5
963548,93161256,Р/к тормозного цилиндра Iveco.,"2,045.00",,1,EMMERE,5
750919,93161768,Р/к тормозного цилиндра Iveco (060.526),"1,865.00",,1,EMMERE,5
750953,2996557,Р/к тормозного цилиндра Iveco,"2,297.00",,1,EMMERE,5
730900,93161257,К/т пыльников тормозного цилиндра (963599),299.00,,1,EMMERE,5
961055,961055,Колодка тормозная Iveco Turbostar Thech,778.00,,1,EMMERE,5
963556,93161260,К/т тормозных пружин Iveco,685.00,,1,EMMERE,5
963555,93161872,К/т тормозных пружин Iveco,685.00,,1,EMMERE,5
907074,4649176,Выхлопной коллектор Eurotech,742.00,,1,EMMERE,5
970921,500316868,Насос подкачки топлива Eurotech,"1,654.00",,1,EMMERE,5
905955,410288424,Хомут гофры 110мм Eurotech,248.00,,1,EMMERE,5
905911,2491711,Хомут гофры 110мм Eurotech,248.00,,1,EMMERE,5
905910,42090154,Хомут гофры 116мм Eurotech,268.00,,1,EMMERE,5
101047,500331831,Сайленблок кабины Iveco 20х70х63,459.00,,1,EMMERE,5
101035,1907808,"Р/к кабины Iveco 22,5х38/60х29,5",397.00,,1,EMMERE,5
103676,8162306,Сайленблок стабилизатора Iveco 28x63x50,176.00,,1,EMMERE,5
100958,8162280,"Сайленблок рессоры Iveco 37x65x32,5",181.00,,1,EMMERE,5
100956,8160686,"Сайленблок рессоры Iveco 20,2x97x62",397.00,,1,EMMERE,5
100957,8160687,"Сайленблок стабилизатора Iveco 20,2x107x62",397.00,,1,EMMERE,5
100875,8169892,Втулка полумесяц Iveco 62х70/80,212.00,,1,EMMERE,5
100870,2521482,"Втулка стаб-ра Iveco 53,9x70",212.00,,1,EMMERE,5
100873,2521850,Втулка полумесяц Iveco 50х70/80,258.00,,1,EMMERE,5
100874,8169892,Втулка стаб-ра Iveco 70x55,474.00,,1,EMMERE,5
103678,5003366108,Сайленблок стабилизатора Iveco 28х62х50,449.00,,1,EMMERE,5
905933,41800522,Хомут гофры 112мм Eurotech,206.00,,1,EMMERE,5
913010,41271992,Рычаг КПП Iveco Stralis,"1,535.00",,1,EMMERE,5
750935,93161625,К/т пыльников тормозного цилиндра Iveco (963535),490.00,,1,EMMERE,5
750913,93161256,Р/к тормозного цилиндра Iveco.,"1,721.00",,1,EMMERE,5
711716,42536197,Р/к тормозного цилиндра Iveco (963594),"2,328.00",,1,EMMERE,5
750918,42537366,Р/к тормозного цилиндра Iveco (060.552),"1,365.00",,1,EMMERE,5
750917,42537365,Р/к тормозного цилиндра Iveco (060.551),"1,365.00",,1,EMMERE,5
963593,42536194,Р/к тормозного цилиндра Iveco,"1,298.00",,1,EMMERE,5
963534,93161623,Р/к тормозного цилиндра Iveco,933.00,,1,EMMERE,5
960719,42555416,Р/к тормозного суппорта Iveco Iveco DAILY 2006 M.Y.,"1,484.00",,1,EMMERE,5
960015,42555636,К/т пыльников суппорта IVECO DAILY 2006 M.Y.,716.00,,1,EMMERE,5
960703,93162193,К/т пыльников суппорта IVECO DAILY 2006 M.Y.,"1,278.00",,1,EMMERE,5
100895,500350342,Втулка стабилизатора Iveco Dayli,412.00,,1,EMMERE,5
908050, ,Выжимной подшипник Iveco,"3,296.00",,1,EMMERE,5
908069,42063184   0113365,Выжимной подшипник Iveco MAN DAF,"1,592.00",,1,EMMERE,5
908090,81305500097,"Выжимной подшипник Iveco,MAN","2,957.00",,1,EMMERE,5
990302, ,Домкрат 5т,505.00,,1,EMMERE,5
990303, ,Домкрат 8т,629.00,,1,EMMERE,5
990304, ,Домкрат 10т,794.00,,1,EMMERE,5
990305, ,Домкрат 12т,902.00,,1,EMMERE,5
990306, ,Домкрат 15т,994.00,,1,EMMERE,5
990307, ,Домкрат 20т,"1,252.00",,1,EMMERE,5
901310,504006261,Натяжной ролик (генератор) Iveco,"2,200.00",,1,EMMERE,5
901317,504046191,Натяжной ролик (вентилято) в сборе Iveco,"1,818.00",,1,EMMERE,5
901318,99449176,Натяжной ролик (кондиционер) в сборе Iveco,"1,386.00",,1,EMMERE,5
901319,504006261,Натяжной ролик (кондиционер) в сборе Iveco,"1,381.00",,1,EMMERE,5
901326,1383564,Натяжной ролик (кондиционер) Scania 124,"2,071.00",,1,EMMERE,5
901327,1545982,Натяжной ролик (генератор) Scania 124,"2,071.00",,1,EMMERE,5
901328,1438743,Натяжной ролик (генератор) Scania 164,"2,071.00",,1,EMMERE,5
901329,397990,Натяжной ролик (кондиционер)  Volvo FH12,"2,843.00",,1,EMMERE,5
907182,500350798,Насос водянной Iveco (Z=23 H=20mm),"2,447.00",,1,EMMERE,5
907191,98447661,Насос водянной Iveco (Z=19 H=22mm),"4,543.00",,1,EMMERE,5
717636,500350785,Насос водянной Iveco (Z=19 H=22mm),"2,503.00",,1,EMMERE,5
907259,5412001201,Насос водянной Actros,"3,750.00",,1,EMMERE,5
907156,1353072,Насос водянной Scania 124,"3,750.00",,1,EMMERE,5
907263,1547155,Насос водянной Volvo FH12,"7,046.00",,1,EMMERE,5
913520,41013876,Яблочко КПП Iveco,371.00,,1,EMMERE,5
914221,41218482,Наконечник кулисы,217.00,,1,EMMERE,5
914240,41005523,Наконечник кулисы,552.00,,1,EMMERE,5
914289,41203863,"Наконечник кулисы пр М10х1,5",150.00,,1,EMMERE,5
914288,41203864,"Наконечник кулисы лев М10х1,5",150.00,,1,EMMERE,5
914245,42487482,"Наконечник кулисы пр М14х1,5",289.00,,1,EMMERE,5
914248,8198187,"Наконечник кулисы пр М12х1,5",160.00,,1,EMMERE,5
914247,8198188,"Наконечник кулисы лев М12х1,5",160.00,,1,EMMERE,5
914246,350270,"Наконечник кулисы лев М14х1,5",289.00,,1,EMMERE,5
907139,500356553,Насос водянной Iveco Stralis (cursor)-,"2,864.00",,1,EMMERE,5
960257, ,Р/к тормозного суппорта,"1,355.00",,1,EMMERE,5
960157, ,Р/к тормозного суппорта,"1,355.00",,1,EMMERE,5
960340, ,Корпус тормозного суппорта (SB/SN-6/7),"2,133.00",,1,EMMERE,5
907358,5001857427,Насос водянной Renault Premium,"4,805.00",,1,EMMERE,5
907109,20431135,Насос водянной Volvo FH12,"4,759.00",,1,EMMERE,5
269434,504365576,Форсунка Adblu Iveco Stralis,"5,290.00",,1,EMMERE,5
717670,99483937,Насос водянной Iveco Stralis (cursor),"3,822.00",,1,EMMERE,5
717675,1664762,Насос водянной DAF 105XF        (051.264),"6,026.00",,1,EMMERE,5
963607,1696446,Толкатель рег.мех.тормозов Volvo,258.00,,1,EMMERE,5
963602,272905,Р/к тормозного механизма Volvo,392.00,,1,EMMERE,5
963606,272910,Валик тормозного механизма Volvo,433.00,,1,EMMERE,5
963604,3090954,Пыльник тормозного цилиндра Volvo,217.00,,1,EMMERE,5
963586,276097,Р/к автом. Регул. тормозов Volvo лев,196.00,,1,EMMERE,5
963587,276098,Р/к автом. Регул. тормозов Volvo прав,196.00,,1,EMMERE,5
963585,8550978,Регулир. Механ. Тормозной колодки Volvo лев,"1,427.00",,1,EMMERE,5
963584,8550977,Регулир. Механ. Тормозной колодки Volvo прав,"1,427.00",,1,EMMERE,5
01.35.104,9424212112,Тормозной диск Actors 430х45мм/10,"1,643.00",,,EMMERE,6
960404.1,2996327,Тормозной диск IVECO Stralis 432x42/12,"3,271.00",,,EMMERE,6
05.35.009,81508030009,Тормозной диск MAN 432х45мм/10,"2,071.00",,,EMMERE,6
713479,4079001300,Тормозной диск SAF 430х45/10мм (шайба),"2,689.00",,,EMMERE,6
14.35.011,1907631,Тормозной диск Ivecо 430х50мм/12      ( 960034),"1,896.00",,,EMMERE,6
14.35.014,1906461,Тормозной диск Ivecо 436х45мм/12      (960038),"2,555.00",,,EMMERE,6
17.35.004,299095,Тормозной диск DAF 460х48/10,"2,884.00",,,EMMERE,6
31788600700,4079000501,Тормозной диск SAF 430х45мм/12,"1,782.00",,,EMMERE,6
960362,4079000501,Тормозной диск SAF 430х45мм/12,"1,782.00",,,EMMERE,6
960313,179241111307,"Тормозной диск KASSBOHRER,Setra 396х47,5мм/10","2,503.00",,,EMMERE,6
960100,81508030041,Тормозной диск MAN 432х45мм/10,"2,143.00",,,EMMERE,6
960393,81508030028,Тормозной диск MAN TGA 432х45мм/10,"2,426.00",,,EMMERE,6
960500,5010422593,Тормозной диск RENAULT 434х45мм/10,"2,184.00",,,EMMERE,6
960374,3092710,"Тормозной диск VOLVO FH12,FH16 (не венитилируемый)","2,689.00",,,EMMERE,6
960299,1640561-1387439,"Тормозной диск DAF CF,XF 432х45мм","2,138.00",,,EMMERE,6
960034,1908729,Тормозной диск Iveco 430х50мм/12,"1,896.00",,,EMMERE,6
960329,81508030057,Тормозной диск MAN M2000 377х45мм/10,"1,891.00",,,EMMERE,6
960315,3564210312,Тормозной диск MERCEDES BUS 438х45мм/10,"2,071.00",,,EMMERE,6
960307,5010216437,Тормозной диск RENAULT 438х45мм/10,"2,174.00",,,EMMERE,6
960052,1402272,Тормозной диск SCANIA 430х45мм/10,"1,741.00",,,EMMERE,6
960314,8285390000,Тормозной диск Setra 432х45мм/10,"2,328.00",,,EMMERE,6
960019,2992477,Тормозной диск IVECO 432х45/12,"2,210.00",,,EMMERE,6
960053,2992470,Тормозной диск IVECO 436х45/12 компл,"4,414.00",,,EMMERE,6
960038,2992470,Тормозной диск IVECO 436х45/12,"2,246.00",,,EMMERE,6
960359,0308834080,Тормозной диск ВPW 377х170/10,"1,787.00",,,EMMERE,6
960316,9424212112,Тормозной диск Actors 430х45мм/10,"1,643.00",,,EMMERE,6
960363,449445,Тормозной диск SMB 430х45мм/10,"2,318.00",,,EMMERE,6
960321,81508030040,Тормозной диск MAN 432х45мм/12,"1,973.00",,,EMMERE,6
960036,1908577,Тормозной диск Eurocargo 304х30мм/6,"1,633.00",,,EMMERE,6
960037,1908578,Тормозной диск Eurocargo 322x30/8   h134,"1,556.00",,,EMMERE,6
960048,1907568,Тормозной диск Eurocargo,"2,313.00",,,EMMERE,6
960232,1906466,Тормозной диск Iveco Eurocargo 330x34/8  h141,"1,968.00",,,EMMERE,6
960104,2992271,К/т тормозных дисков Eurocargo,"5,645.00",,,EMMERE,6
960049,1907569,Тормозной диск Eurocargo,"2,570.00",,,EMMERE,6
960322,81508030009,Тормозной диск MAN 438х45мм/10,"1,947.00",,,EMMERE,6
960320,81508030010,Тормозной диск MAN L2000 324х30/10,"1,170.00",,,EMMERE,6
960328,81508030026,Тормозной диск MAN L2000 330х34/10,"1,427.00",,,EMMERE,6
960336,9704210612,Тормозной диск Atego 335х34/10,"1,262.00",,,EMMERE,6
960338,9704230512,Тормозной диск Atego 335х34/8,"1,427.00",,,EMMERE,6
960337,9704230412,Тормозной диск Atego 335х34/8,"1,458.00",,,EMMERE,6
960387,67752279,Тормозной диск Volvo FL6 322х30/8,"1,587.00",,,EMMERE,6
960311,67746867,Тормозной диск Volvo FL6 322х30/8,"1,509.00",,,EMMERE,6
960358,0308834020,Тормозной диск ВPW 377х160/10 ромашка,"1,787.00",,,EMMERE,6
960356,0308835030,Тормозной диск ВPW 430х45/10,"1,989.00",,,EMMERE,6
960200,0308835050,Тормозной диск ВPW 430х45/10    (960355)/(ED07001),"1,891.00",,,EMMERE,6
713477,2992477,Тормозной диск Iveco 432х45/12,"2,210.00",,,EMMERE,6
960033,2991979,К/т тормозных дисков Iveco,"3,765.00",,,EMMERE,6
713690,81508030040,Тормозной диск MAN 432х45мм/12,"1,901.00",,,EMMERE,6
713693,81508030041,Тормозной диск MAN 432х45мм/10,"1,947.00",,,EMMERE,6
713692,1640561-1387439,"Тормозной диск DAF CF,XF 432х45мм (под клиния)","2,138.00",,,EMMERE,6
713497,0308834020,Тормозной диск ВPW 377х160/10,"1,818.00",,,EMMERE,6
713469,0308834040,Тормозной диск ВPW 377х160/10,"2,071.00",,,EMMERE,6
960396,4079001300,Тормозной диск SAF 430х45/10мм (шайба),"2,164.00",,,EMMERE,6
960318,6704210312,Тормозной диск MB 814  (324х45/6мм ) передок,"1,041.00",,,EMMERE,6
960398, ,Тормозной диск SCHMITZ 430х45/10мм,"1,566.00",,,EMMERE,6
960301,21224263,Тормозной диск ROR 378х45/8мм,"2,071.00",,,EMMERE,6
960300,68323825,Тормозной диск ROR 433х45/10мм,"2,380.00",,,EMMERE,6
960361,0308834070,Тормозной диск ВPW 377х160/10,"1,789.00",,,EMMERE,6
960110,21227349,Тормозной диск ROR 378х45/10мм с кор.abs,"2,030.00",,,EMMERE,6
960371,4079000701,Тормозной диск SAF 377х45/12мм,"1,782.00",,,EMMERE,6
960310,6779208,Тормозной диск Volvo FL6 322х30/6,"1,401.00",,,EMMERE,6
960570,0308834100,Тормозной диск ВPW 377х160/10,"1,837.00",,,EMMERE,6
960226,5010422364,Тормозной диск RENAULT 434х45мм/12,"3,054.00",,,EMMERE,6
JMER117A,9754230412,Тормозной диск Atego Euro 5 (9754230412),"2,606.00",,,EMMERE,6
31672001100,81508030041,Тормозной диск MAN 432х45мм/10,"2,112.00",,,EMMERE,6
960298,4079000400,Тормозной диск SAF 377x45мм/8,"2,133.00",,,EMMERE,6
960317,9434210312,Тормозной диск Actors 430х45мм/10 c 2008,"2,112.00",,,EMMERE,6
960225,050018644980,Тормозной диск Renault,"3,054.00",,,EMMERE,6
960370,0851038030,"Тормозной диск VOLVO FH12,FH16 (вентилируемый)","2,689.00",,,EMMERE,6
960344,81508030042,Тормозной диск MAN TGL 335x34/10,"1,432.00",,,EMMERE,6
960925,2994066,Тормозной диск Iveco Daily City 2000 276x16/5   h66.5,"1,139.00",,,EMMERE,6
713712,4079001001,Тормозной диск SAF 377х45/10 шайба,"2,426.00",,,EMMERE,6
960341,9754230612,Тормозной диск Atego 377x45/8,"1,813.00",,,EMMERE,6
960402,2995894,Тормозной диск Iveco 377х45/14,"2,127.00",,,EMMERE,6
960405,2996328,Тормозной диск Iveco Stralis 432x42/12 с ABS (2995812),"3,703.00",,,EMMERE,6
960409,190179,К/т тормозных дисков Iveco 404x30/20,"7,195.00",,,EMMERE,6
713474,0308834080,Тормозной диск ВPW 377х170/10,"1,921.00",,,EMMERE,6
713460,2992470,Тормозной диск IVECO 436х45/12,"2,472.00",,,EMMERE,6
713461,1402272,Тормозной диск SCANIA 430х45мм/10,"1,741.00",,,EMMERE,6
713465,4079000501,Тормозной диск SAF 430х45мм/12,"1,891.00",,,EMMERE,6
713467,4079000400,Тормозной диск SAF 377x45мм/8,"2,133.00",,,EMMERE,6
960339,9754210112,Тормозной диск Atego 377х45/14,"1,664.00",,,EMMERE,6
960369,1408672,Тормозной диск DAF LF45 329x35/12,"1,566.00",,,EMMERE,6
960375,1403758,Тормозной диск DAF LF45 329x34/16,"1,906.00",,,EMMERE,6
960377,1400284,Тормозной диск DAF LF55 374x45/10,"2,024.00",,,EMMERE,6
960368,1408670,Тормозной диск DAF LF45 329x35/12,"1,602.00",,,EMMERE,6
960376,1400069,Тормозной диск DAF LF55 375x45/10,"1,896.00",,,EMMERE,6
713473,21224263,Тормозной диск ROR 378х45/8мм,"2,071.00",,,EMMERE,6
960694,2996028,К/т тормозных дисков Iveco Daily задний,"1,834.00",,,EMMERE,6
960698,2996049,Тормозной диск Iveco Daily задний,"1,440.00",,,EMMERE,6
960697,2996122,К/т тормозных дисков Iveco Daily передний,"2,375.00",,,EMMERE,6
960213,1640561-1387439,"Тормозной диск DAF CF,XF 432х45 (вместе с болтами)","2,138.00",,,EMMERE,6
713737,6754210012,Тормозной диск оси МВ 377х45/10,"2,102.00",,,EMMERE,6
960397,120015000188,Тормозной диск Licenia (Neoplan) 430x42/10,"2,426.00",,,EMMERE,6
713665,9704230412,Тормозной диск Atego 335х34/8,"1,458.00",,,EMMERE,6
713683,0308834100,Тормозной диск ВPW 377х160/10,"1,921.00",,,EMMERE,6
713720,81508030039,Тормозной диск MAN L2000 330х34/8,"1,427.00",,,EMMERE,6
960229,5010260609,Тормозной диск Renault Mascot 290x22/8   h78,"1,242.00",,,EMMERE,6
960392,5010260603,Тормозной диск Renault Mascot 290x26/10   h42.5,"1,133.00",,,EMMERE,6
960345,81508030039,Тормозной диск MAN L2000 330х34/8,"1,427.00",,,EMMERE,6
713463,0308835010,Тормозной диск ВPW 430х45/10,"2,426.00",,,EMMERE,6
713654,9704210612,Тормозной диск Atego 335х34/10,"1,262.00",,,EMMERE,6
713723,2996328,Тормозной диск Iveco Stralis 432x42/12 с ABS,"3,703.00",,,EMMERE,6
713732,85110495,Тормозной диск VOLVO FH12 410х45мм,"2,364.00",,,EMMERE,6
960319,6694210612,Тормозной диск MB 609-711 304X30/6,593.00,,,EMMERE,6
960018,017870,Тормозной диск Schmitz 430х45/10 (017870),"2,570.00",,,EMMERE,6
713466,0308835030,Тормозной диск ВPW 430х45/10,"2,241.00",,,EMMERE,6
713668,9754230612,Тормозной диск Atego 377x45/8,"1,813.00",,,EMMERE,6
713677,3092710,"Тормозной диск VOLVO FH12,FH16 434х45мм","2,689.00",,,EMMERE,6
713470,449445,Тормозной диск SMB 430х45мм/10,"2,364.00",,,EMMERE,6
713471,449418,Тормозной диск SMB 377х45мм/10,"2,138.00",,,EMMERE,6
713719,81508030026,Тормозной диск MAN L2000 330х34/10,"1,427.00",,,EMMERE,6
960230,5010260604,"Тормозной диск Renault Mascot 290x22/10  h=42,5",758.00,,,EMMERE,6
960237,5010525308,Тормозной диск Renault Midlum 330x34/10,"1,664.00",,,EMMERE,6
960238,5010422263,Тормозной диск Renault Midlum 330x34/6,"2,127.00",,,EMMERE,6
960239,5010525014,Тормозной диск Renault Midlum 375x45/10,"2,127.00",,,EMMERE,6
960240,5010525362,Тормозной диск Renault Midlum 375x45/8,"2,354.00",,,EMMERE,6
960242,5010525364,Тормозной диск Renault Midlum 375x45/10,"2,364.00",,,EMMERE,6
960323,9044230312,Тормозной диск Sprinter 285x22/6,598.00,,,EMMERE,6
960324,9024210612,Тормозной диск Sprinter 276x22/5,598.00,,,EMMERE,6
960325,9024230312,Тормозной диск Sprinter 272x16/5,598.00,,,EMMERE,6
960390,9024230412,Тормозной диск Sprinter 272x16/5,598.00,,,EMMERE,6
960391,9014230812,Тормозной диск Sprinter/VW LT 258x12/5,598.00,,,EMMERE,6
960422,9064230112,Тормозной диск Sprinter 302x28/6,989.00,,,EMMERE,6
960564,9064210012,Тормозной диск Sprinter 300x28/6,649.00,,,EMMERE,6
960565,9064230012,Тормозной диск Sprinter 298x16/6,629.00,,,EMMERE,6
960343,81508030061,Тормозной диск MAN L2000 330х34/12,"1,391.00",,,EMMERE,6
713671,2994066,Тормозной диск Iveco Dayli 276x16/69.5,701.00,,,EMMERE,6
960032,1907765 / 7171255,Тормозной диск Iveco Zeta (передний),"1,772.00",,,EMMERE,6
DF4184, ,Тормозной диск,"1,500.00",,,EMMERE,6
954012,81953016234,"Наконечник рулевой пр М30х1,5 D=30мм",402.00,,,EMMERE,7
954013,81953016237,"Наконечник рулевой лев М30х1,5 D=30мм",402.00,,,EMMERE,7
954022,0003309935,"Наконечник рулевой пр.М24х1,5 D=22мм",304.00,,,EMMERE,7
954023,0003309835,"Наконечник рулевой лев.М24х1,5 D=22мм",304.00,,,EMMERE,7
954026,81953016249,"Наконечник рулевой пр М28х1,5 D=22мм",371.00,,,EMMERE,7
954027,81953016222,"Наконечник рулевой лев М28х1,5 D=22мм",371.00,,,EMMERE,7
954040,4688948,"Наконечник рулевой пр.М38х1,5 D=30мм",479.00,,,EMMERE,7
954041,4688949,"Наконечник рулевой лев М38х1,5 D=30мм",479.00,,,EMMERE,7
954098,4747961,"Тяга рулевая IVECO Turbostar,тech 982/932мм","1,618.00",,,EMMERE,7
954107,1698840,"Наконечник рулевой лев VOLVO М30х1,5 D=31,15мм",644.00,,,EMMERE,7
954108,3988965,"Наконечник рулевой пр VOLVO М30х1,5 D=26,8мм",644.00,,,EMMERE,7
954109,3988968,"Наконечник рулевой лев VOLVO М30х1,5 D=26,8мм",644.00,,,EMMERE,7
954110,81953016163,"Наконечник рулевой лев М30х1,5 D=26мм",459.00,,,EMMERE,7
954111,0004607105,Тяга рулевая Actros 1996-2003 879/815мм,"2,333.00",,,EMMERE,7
954112,1331925,"Наконечник рулевой пр М30х1,5 D=26мм",459.00,,,EMMERE,7
954114,1698846,"Наконечник рулевой лев VOLVO М30х1,5 D=28,6мм",644.00,,,EMMERE,7
954115,1698847,"Наконечник рулевой пр VOLVO М30х1,5 D=28,6мм",644.00,,,EMMERE,7
954116,1695776,"Наконечник рулевой пр VOLVO М30х1,5 D=31,5мм",644.00,,,EMMERE,7
954134,0024604405,Тяга рулевая Actros 1996-2003 879/822мм,"2,133.00",,,EMMERE,7
954155,094038,"Тяга рулевая DAF FA85,FA95,XF95 995/960мм","3,266.00",,,EMMERE,7
954157,81466106722,"Тяга рулевая MAN F90,F2000 770мм","2,333.00",,,EMMERE,7
954129,0004606948,"Наконечник рулевой Actors M30х1,5 D=32 мм лев",855.00,,,EMMERE,7
954128,0004606848,"Наконечник рулевой Actors M30х1,5 D=32 мм прав",855.00,,,EMMERE,7
973057,81432206108,Р/к реактивной тяги MAN 72х19х130,629.00,,,EMMERE,7
972573,972573,"Р/к конца рогатки (боков) 80мм DAF,Mercedes",912.00,,,EMMERE,7
972518,0003500405,Р/к конца рогатки (боков) 90 МВ,"1,252.00",,,EMMERE,7
973056,2968454,"Р/к рогатки (центр) 72мм DAF,Iveco,Volvo",912.00,,,EMMERE,7
972568,93161958,"Р/к рогатки (центр) Iveco М20х1,5/72х46",938.00,,,EMMERE,7
972521,81953016132,Р/к рогатки (центр) MAN 90мм,891.00,,,EMMERE,7
973055,93161371,Р/к реактивной тяги 80мм Ivecо,902.00,,,EMMERE,7
972540,81432306043,Р/к реактивной тяги 80мм MAN,969.00,,,EMMERE,7
972569,3173759,Сайленблок центра рогатки 138мм Volvo,"1,097.00",,,EMMERE,7
973060,93163617,Сайленблок конца тяги 67х130/19 Ivecо,685.00,,,EMMERE,7
972547,93192361,"Сайленблок конца тяги 75х130/19 MAN,Iveco,МВ",891.00,,,EMMERE,7
972567,93161960,Сайленблок конца тяги 75х130/21 Ivecо,866.00,,,EMMERE,7
972520,0003502205,Сайленблок конца тяги 75х130х25мм Actors,"1,025.00",,,EMMERE,7
972576,81432206055,"Сайленблок конца тяги 85х130/19 Volvo,,MAN",737.00,,,EMMERE,7
972501,972501,"Сайленблок конца тяги 85х130/21 Volvo,MAN",521.00,,,EMMERE,7
972550,972550,"Сайленблок конца тяги 85х152/21 Volvo,МВ",881.00,,,EMMERE,7
972519,0003502305,Сайленблок центра рогатки 85х152х25мм Actors,"1,314.00",,,EMMERE,7
972549,81953016133,Р/к рогатки (концы) MAN 90х23х152,891.00,,,EMMERE,7
972570,1598588,Сайленблок конца тяги 91х125х14мм Volvo,969.00,,,EMMERE,7
972572,1628107,Сайленблок конца тяги 91х145х15мм Volvo,"1,025.00",,,EMMERE,7
972580,81432706040,"Сайленблок конца тяги 95х152х21 МВ,MAN",881.00,,,EMMERE,7
972503,93192618,Сайленблок реактивной тяги 85х152/21мм Iveco,737.00,,,EMMERE,7
954004,0067303,"Наконечник рулевой лев М48х1,5 D=30мм DAF","1,128.00",,,EMMERE,7
954006,1699400,"Наконечник рулевой лев М52х1,5 D=28,6мм Volvo","1,128.00",,,EMMERE,7
954121,310979,"Наконечник рулевой лев М52х1,5 D=30мм Scania","1,128.00",,,EMMERE,7
954003,0067389,"Наконечник рулевой пр М48х1,5 D=30мм DAF","1,128.00",,,EMMERE,7
954005,1699401,"Наконечник рулевой пр М52х1,5 D=28,6мм Volvo","1,128.00",,,EMMERE,7
954120,310980,"Наконечник рулевой пр М52х1,5 D=30мм Scania","1,128.00",,,EMMERE,7
713241, ,"Наконечник рулевой тяги лев DAF М46х1,5","1,128.00",,,EMMERE,7
713240, ,"Наконечник рулевой тяги DAF М46х1,5 прав","1,128.00",,,EMMERE,7
713219,0067303,"Наконечник рулевой тяги DAF М48х1,5 лев","1,128.00",,,EMMERE,7
713218,0067389,"Наконечник рулевой тяги DAF М48х1,5 прав","1,128.00",,,EMMERE,7
713233, ,"Наконечник рулевой тяги Scania М52х1,5 лев","1,128.00",,,EMMERE,7
713232, ,"Наконечник рулевой тяги Scania М52х1,5 прав","1,128.00",,,EMMERE,7
713234,1699401,"Наконечник рулевой тяги Volvo М52х1,5 прав","1,128.00",,,EMMERE,7
713235,1699400,"Наконечник рулевой тяги Volvo М52х1,5 лев","1,128.00",,,EMMERE,7
954058,500397738,Тяга рулевая Iveco,"3,389.00",,,EMMERE,7
954059,41005475,Тяга рулевая Iveco,"2,617.00",,,EMMERE,7
954088,14607005,Тяга рулевая Actros 1996-2003 (097.419),"2,436.00",,,EMMERE,7
954094,5010294288,Тяга рулевая Renault Magnum 825/773мм,"2,663.00",,,EMMERE,7
954095,5010294289,Тяга рулевая Renault Premium 864/811мм,"3,353.00",,,EMMERE,7
954100,42042950,Тяга рулевая Iveco 910/855мм,"2,447.00",,,EMMERE,7
954101,42001326,Тяга рулевая Iveco 890/835мм,"2,230.00",,,EMMERE,7
954104,278665,Тяга рулевая Scania 947/905мм,"2,354.00",,,EMMERE,7
954105,1112511,Тяга рулевая Scania 843/785мм,"2,545.00",,,EMMERE,7
954113,0014606905,Тяга рулевая Actors 873/823мм (097.277),"2,328.00",,,EMMERE,7
954139,41005463,Тяга рулевая Iveco 953/895мм Stralis,"2,333.00",,,EMMERE,7
954141,4609805,Тяга рулевая Mercedes 900мм,"2,447.00",,,EMMERE,7
954148,6194602905,Тяга рулевая Mercedes 860/810мм,"2,617.00",,,EMMERE,7
954149,6474600105,Тяга рулевая Mercedes 865/815мм,"2,333.00",,,EMMERE,7
954150,6204602805,Тяга рулевая Mercedes 885/835мм,"2,364.00",,,EMMERE,7
954153,5010060764,Тяга рулевая Renaul 720/670мм,"2,447.00",,,EMMERE,7
954156,0024604705,Тяга рулевая Actros Mega Euro 3 L=863mm (097.323),"2,539.00",,,EMMERE,7
954158,0014609805,Тяга рулевая Actors 866/812мм (097.431),"2,545.00",,,EMMERE,7
954162,1283212,Тяга рулевая DAF CF85 848/798мм,"2,416.00",,,EMMERE,7
954163,5010130344,Тяга рулевая Renault 737/720мм,"2,766.00",,,EMMERE,7
954165,390784,Тяга рулевая Scania 855/810мм,"2,354.00",,,EMMERE,7
954167,1384025,Тяга рулевая Scania 1052/1010мм,"2,534.00",,,EMMERE,7
954169,1628636,Тяга рулевая Volvo FH12 881/790мм,"2,663.00",,,EMMERE,7
954170,20393061,Тяга рулевая Volvo FH12 881/835мм,"2,642.00",,,EMMERE,7
954172,20393069,Тяга рулевая Volvo FH12 861/820мм,"2,328.00",,,EMMERE,7
954176,81467106904,Тяга поперечная MAN 1628/1570мм,"3,296.00",,,EMMERE,7
954180,1304569,Тяга рулевая Scania 926/890мм,"3,230.00",,,EMMERE,7
954183,1075005,Тяга рулевая Volvo FH12 863/800мм,"3,266.00",,,EMMERE,7
972517,81466106348,Тяга рулевая MAN 770мм,"2,663.00",,,EMMERE,7
972512,41034479,Роготка Iveco Cursor Stralis,"8,060.00",,,EMMERE,7
712950,41028598,Тяга реактивная (рогатка) Iveco Cursor Stralis,"7,648.00",,,EMMERE,7
954132,41036943,Тяга поперечная Iveco Stralis L=1620,"3,410.00",,,EMMERE,7
097.157,81467116725,Тяга поперечная MAN TGA TGX L=1652mm,"2,890.00",,,EMMERE,7
954020,504212586,Шаровая опора Iveco Daily 2006 (M20x1),649.00,,,EMMERE,7
954016,500310933,Наконечник рулевой Iveco Daily M20x1.5,361.00,,,EMMERE,7
097.285,0014609005,Тяга поперечная Actros L=1558,"2,488.00",,,EMMERE,7
097.616,9493300403,Тяга поперечная Actros L=1690,"3,497.00",,,EMMERE,7
097.615,9423300303,Ремкомплекты,"3,291.00",,,EMMERE,7
01.10.073,0139971447,Сальник 120х140х13/12мм,268.00,,,EMMERE,8
01.10.074,0079973646,Сальник 100х120х13,212.00,,,EMMERE,8
01.67.196,51015100150,Сальник 105х130х12,294.00,,,EMMERE,8
730738,40100483,Сальник 70x90x12 IVECО,93.00,,,EMMERE,8
101402,40102273,"Сальник 70x90x13,5/14,5 IVECO",206.00,,,EMMERE,8
101406,40001933,Сальник 125x150x13  IVECO,129.00,,,EMMERE,8
101506,40100443,Сальник 180x200x12 IVECO,186.00,,,EMMERE,8
101508,40101733,Сальник 180x200x17 IVECO,490.00,,,EMMERE,8
101511,40102941,"Сальник 179x200x15,70  IVECO",881.00,,,EMMERE,8
111500,0139979447,"Сальник 145x175x13 Actros,MAN",227.00,,,EMMERE,8
101516,0169975647,"Сальник 145x175x14 Actros,MAN",181.00,,,EMMERE,8
101517,40102263,Сальник хвостовика 60x90x14/16 IVECO,309.00,,,EMMERE,8
101519,40100443,Сальник 180x200x12 IVECO,258.00,,,EMMERE,8
730766,40102301,Сальник 80x110/115x10/13  IVECO,562.00,,,EMMERE,8
101523,647330,Сальник 100х135х13/12 DAF,176.00,,,EMMERE,8
101524,1334535,"Сальник 125x150x13,5  SCANIA",186.00,,,EMMERE,8
101525,01001200,Сальник 110x160x15 ROR,134.00,,,EMMERE,8
101526,173320,"Сальник 117x143x12,7 SCANIA",186.00,,,EMMERE,8
101527,159496,"Сальник 151x178x12,7 SCANIA",196.00,,,EMMERE,8
101529,370076,Сальник 145x170x15/20 SCANIA,268.00,,,EMMERE,8
101530,375086,Сальник 125x160x15 SCANIA,109.00,,,EMMERE,8
111014015,3750874,Сальник 110x140x15 SCANIA,88.00,,,EMMERE,8
101532,1610765  (126420),"Сальник 168x188/192,5x30/12 VOLVO FH",732.00,,,EMMERE,8
101533,1672283,"Сальник 140x164x20/23,50 VOLVO FH",299.00,,,EMMERE,8
101534,1089552,Сальник 110x140x12/21 VOLVO FH,562.00,,,EMMERE,8
101535,944667,"Сальник 133,4x155,6x14 VOLVO",140.00,,,EMMERE,8
101536,1610078,"Компл. сальн.ступ. 77х98,4 103х6,3 19,3мм VOLVO",186.00,,,EMMERE,8
101537,21200321/A,"Сальник 117.48x152,4x28,58 ROR",289.00,,,EMMERE,8
101538,21220158,Сальник 100x135x13/15 ROR - 9 ton,191.00,,,EMMERE,8
101539,0256645700,"Сальник 115x136,70x8/10,5 BPW",140.00,,,EMMERE,8
101540,0256645800,"Сальник 135x157x8/10,5 BPW",155.00,,,EMMERE,8
112117015Z,401023333,"Сальник 121x170x15,5/17 I VECO",692.00,,,EMMERE,8
07-01-02-0023,40102321,"Сальник 114x152x10,2/14 IVECO",702.00,,,EMMERE,8
730768,7185250,Сальник 95x130x16 IVECO,737.00,,,EMMERE,8
101561,190069,Сальник 115x170x15/28 DAF,325.00,,,EMMERE,8
101562,678157,"Сальник 120x160x15,5/20 DAF, VOLVO",732.00,,,EMMERE,8
101563,292766,Сальник 125x160x15/17 DAF,732.00,,,EMMERE,8
101564,259940,Сальник 160x185x14 DAF,515.00,,,EMMERE,8
101565,40102093,Сальник 60x77x13/16 IVECO,273.00,,,EMMERE,8
101566,40102503,Сальник 66x92x19 IVECO,412.00,,,EMMERE,8
101567,40102103,"Сальник 128x144/152,30x11/25 IVECO",572.00,,,EMMERE,8
101568,6243560080S,"Р/к задней ступицы без АБС MAN,Actros",675.00,,,EMMERE,8
101569,6593500135S,"Р/к задней ступицы с  АБС MAN, Actros","1,355.00",,,EMMERE,8
101570,0029978447,Сальник 125x150x13 MAN,134.00,,,EMMERE,8
101571,0209973947  (120287),"Сальник 145x175x17/21 MERCEDES,MAN",515.00,,,EMMERE,8
101575,948448,Сальник хвостовика 80x110x12 VOLVO,191.00,,,EMMERE,8
101576,948642,"Сальник 90x125,25x10 VOLVO",248.00,,,EMMERE,8
101578,1522372,"Сальник 140x164x15,5/23 VOLVO",721.00,,,EMMERE,8
101579,944665,"Сальник 148x170,2x31,5 VOLVO",392.00,,,EMMERE,8
101580,273394,Компл. сальн.ступ.150х180х10/16  VOLVO,685.00,,,EMMERE,8
101581,40102133,Сальник хвостовика 65x100x14 IVECO,376.00,,,EMMERE,8
101582,101582,Сальник хвостовика 85x110x14 IVECO,412.00,,,EMMERE,8
101583,40101623,Сальник хвостовика 90x130x14 IVECO,412.00,,,EMMERE,8
101584,42031684,Сальник хвостовика 125x160x15 IVECO,263.00,,,EMMERE,8
101585,1522895,"Сальник 80x130,20x12/20 VOLVO",320.00,,,EMMERE,8
101586,1522894,Сальник 80x150x12/20 VOLVO,423.00,,,EMMERE,8
07-01-02-0022, ,Сальник 75x130x13 MAN,88.00,,,EMMERE,8
931317,2475977,Сальник ступицы Iveco,"1,479.00",,,EMMERE,8
22272003100,06562890371,Сальник 145х175/205х9/14 АБС,778.00,,,EMMERE,8
115806,81965030398  (115806),Сальник 135х175х18 АБС MAN,855.00,,,EMMERE,8
730730,448055,"Сальник 108х152,5х24 Freuhauf",289.00,,,EMMERE,8
730753,449443,"Сальник 108х153х17,5 Freuhauf",376.00,,,EMMERE,8
730740,449561,"Сальник 108х152,6х19,5 Freuhauf (с АБС)",387.00,,,EMMERE,8
730745,21200321/A,"Сальник 117х152,6х27,5 SAF",299.00,,,EMMERE,8
730716,21220158,Сальник 100x135x13/15 ROR - 9 ton,191.00,,,EMMERE,8
730710,21200321B,Сальник 149/152х117х27 ROR,232.00,,,EMMERE,8
19208,1236238,Cальник рессоры 26х35/11мм DAF,67.00,,,EMMERE,8
101574,5000788490,"Сальник 120х160х15,5/20мм Renault",711.00,,,EMMERE,8
204154,1287102,Сальник хвостовика 85х140х13/17мм DAF (264078),469.00,,,EMMERE,8
730670,0256644657,Сальник 145х167х13мм BPW,165.00,,,EMMERE,8
22290001800, ,Сальник 155х180х24/29 SCANIA,799.00,,,EMMERE,8
22290002200,1363674,Сальник 158х188х18 SCANIA,969.00,,,EMMERE,8
22272001200,12000552b,"Сальник 100х130х13мм MAN,МВ",289.00,,,EMMERE,8
22200015900, ,"Сальник 70х81,5х6мм МВ",145.00,,,EMMERE,8
22230102900, ,Сальник 86х105х5/6мм МВ,268.00,,,EMMERE,8
22230101300,0049971747,Сальник 120х150х15/12мм Actors,320.00,,,EMMERE,8
22290002000,1740992,Сальник 142x170x16  з/с Scania (1740992),855.00,,,EMMERE,8
101507,40003730,Сальник 180x200x12 IVECO,474.00,,,EMMERE,8
22229000500,1335063,Сальник 125x160/190x18/20 DAF,"1,551.00",,,EMMERE,8
22288700200,21200321/A,"Сальник 117х152,6х27,5 ROR",346.00,,,EMMERE,8
22208001800,0256647400,"Сальник 120x157,5x20 BPW",768.00,,,EMMERE,8
21988219600, ,Уплотнителное кольцо ступицы BPW,98.00,,,EMMERE,8
19513016Z,40102143,Сальник 95x130x16 IVECO,356.00,,,EMMERE,8
730756,0256646800,"Сальник 120x157,5x20 BPW",346.00,,,EMMERE,8
93856, ,Сальник 140х160х13 SAF,160.00,,,EMMERE,8
74170362, ,Сальник редуктора Scania,758.00,,,EMMERE,8
111637,AJA0564001,Сальник 113х152.6/160 х15/16 Freunauf,361.00,,,EMMERE,8
22272004400,81965030398,Сальник 135х175х18 АБС MAN,"1,020.00",,,EMMERE,8
01027965, ,Сальник редуктора DAF,747.00,,,EMMERE,8
730720,42037594,Уплотнительное кольцо бортовика Iveco Trakker,124.00,,,EMMERE,8
101587,7984287,Сальник хвостовика 82.61x139.7x16.50/19.4 IVECO,557.00,,,EMMERE,8
15114,06562890266,Сальник хвостовика 85x150/169x12/31.5 MAN (Corteco),933.00,,,EMMERE,8
263543,81524036005,Сальник 95x116.5x11 MAN L2000,557.00,,,EMMERE,8
730758,7185250,Сальник 95x130x16 IVECO,433.00,,,EMMERE,8
185150,81965030442,Сальник хвостовика 85х150х20/24 MAN TGA,"2,024.00",,,EMMERE,8
730752,40101540,Сальник балансира Iveco Eurotrakker,284.00,,,EMMERE,8
730759,0256647400,"Сальник 117,5x158x17,5 BPW",469.00,,,EMMERE,8
730764,0256642657,Сальник 125x143x13 BPW,124.00,,,EMMERE,8
202415,81965030220,Сальник 105х125х12,392.00,,,EMMERE,8
730739,42127526,Сальник 180x200x12 IVECO 1BUC,258.00,,,EMMERE,8
730743,0256645700,"Сальник 115x136,70x8/10,5 BPW",140.00,,,EMMERE,8
730757,42127526,Сальник 180x200x12 IVECO,258.00,,,EMMERE,8
22230104600,0209973947,"Сальник 145x175x17/21 MERCEDES,MAN",515.00,,,EMMERE,8
111718,292766,Сальник 125x160x15/17 DAF,588.00,,,EMMERE,8
114553,1089552,Сальник 110x140x12/21 VOLVO FH,232.00,,,EMMERE,8
114795,5000788490,"Сальник 120х160х15,5/20мм Renault",351.00,,,EMMERE,8
115250,0376992,Сальник хвостовика 85х140х15/16мм DAF (Corteco),"1,061.00",,,EMMERE,8
730711,01001200,Сальник 110x160x15 оси Cardi,129.00,,,EMMERE,8
730712,01001400,Сальник 88х155х13 оси Cardi,170.00,,,EMMERE,8
730765,40102321,"Сальник 114x152x10,2/14 IVECO",618.00,,,EMMERE,8
1698042,5000387566,Сальник 69x80x4.2/8.5,88.00,,,EMMERE,8
201801,0219974947,Сальник 75x95x10 Corteco,304.00,,,EMMERE,8
120206,0770198134 ZF,"Сальник 26x34x4,5/7 гидроусилителя MAN",150.00,,,EMMERE,8
114156,81524036001,"Сальник 81x100/137x10/15,5 MAN(ABS)",567.00,,,EMMERE,8
220758,0169977747,Сальник 125x150x15 Atego Corteco (0169977747),423.00,,,EMMERE,8
202721,06562890387,Сальник 132х160х10 MAN TGA Corteco,340.00,,,EMMERE,8
202720,81965030333,Сальник 132х172х12 MAN TGA Corteco,732.00,,,EMMERE,8
121003,81965030161,Сальник 87.3x120.8x15.4 MAN,423.00,,,EMMERE,8
126421,40102290,Сальник 65x90x13/14.5 Iveco Corteco,804.00,,,EMMERE,8
115294,81965030161,"Сальник 87.36x120.76x13/14,5 MAN Corteco",824.00,,,EMMERE,8
204394,5000675975,Сальник хвостовика 85x130x22 Renault (Corteco),696.00,,,EMMERE,8
202355,0119977447,Сальник 52x72x12 мм Atego,371.00,,,EMMERE,8
19014510,1652776,Сальник хвостовика 90x145x10 Volvo FH12 Renault (Corteco),531.00,,,EMMERE,8
5001865529,5001865529,Сальник 55x75x8 мм Renault,361.00,,,EMMERE,8
18513022,5000675975,Сальник хвостовика 85x130x22 Renault,521.00,,,EMMERE,8
252238,0049971747,Сальник 120х150х15/12мм Actors,320.00,,,EMMERE,8
114068,4373003501,"Сальник 117,47x152,4x25,4 SAF",315.00,,,EMMERE,8
115149,5001865529,Сальник 55x75x8 мм Renault,124.00,,,EMMERE,8
281662,81965030385,Сальник хвостовика 78x135x12/21.5 MAN Atego,459.00,,,EMMERE,8
1561373Z, ,Сальник ступицы Iveco Stralis (из блока подшипников),685.00,,,EMMERE,8
211818,0189971847,Сальник хвостовика 85х145х12/32 Atego (Corteco),902.00,,,EMMERE,8
277662,81965020676,Сальник хвостовика 52x97x10/18 MAN L2000 (Corteco),371.00,,,EMMERE,8
7420518642,7420518642,Сальник задней ступицы Renault,"1,170.00",,,EMMERE,8
7420518640,7420518640,Сальник задней ступицы Renault,598.00,,,EMMERE,8
202366,81965030283,Сальник 82.55x114x25x14/19 (Corteco) MAN первичный вал,902.00,,,EMMERE,8
282157,0169977747,Сальник 125x150x15 Atego (0169977747),114.00,,,EMMERE,8
258463,1238034,"Сальник 100x140x15,5/20,3 DAF",160.00,,,EMMERE,8
114553,15877921,Сальник 110x140x12/21 VOLVO FH,91.00,,,EMMERE,8
270994,20518642,"Сальник 125x148.3x8.1X9,2 VOLVO",274.00,,,EMMERE,8
283194,81965030332/ 81965030442,Сальник хвостовика 85х150х20/24 MAN TGA,540.00,,,EMMERE,8
228074,51056010148,Теплообменник MAN TGA (11-секций),"2,794.00",,,EMMERE,8
