manufacturer_id,seller_id,name,price,winter,truck,brand
ШГТ-008, ,225/65 R16C RADIAL666 (Linglong),"1,470.00",0,0,Ling Long
ШГТ-031, ,195 R14C LMC5 (Linglong),"1,070.00",0,0,Ling Long
ШГТ-044, ,185 R14C LMC5  (Linglong),980.00,0,0,Ling Long
ШГТ-045, ,195 R14C LMC8 (Linglong),880.00,0,0,Ling Long
ШГТ-046, ,195/70 R15C RADIAL666 (Linglong),"1,070.00",0,0,Ling Long
ШГТ-047, ,205/75 R16C RADIAL666 (Linglong),"1,420.00",0,0,Ling Long
ШГТ-048, ,215/75 R16C RADIAL666 (Linglong),"1,470.00",0,0,Ling Long
ШГТ-049, ,225/70 R15C RADIAL666 (Linglong),"1,470.00",0,0,Ling Long
ШГТ-050, ,225/75 R16C RADIAL666 (Linglong),"1,520.00",0,0,Ling Long
ШЛ-036, ,235/50 R18 XL Green-Max (Linglong),"1,540.00",0,0,Ling Long
ШГТ-060, ,195 R15C LMC7 (Linglong),"1,160.00",0,0,Ling Long
ШГТ-063, ,185/75 R16C RADIAL666 (Linglong),"1,280.00",0,0,Ling Long
ШГТ-066, ,215 R14C RADIAL666 (Linglong),"1,260.00",0,0,Ling Long
ШГТ-070, ,175/70 R14 LL700  (Linglong),710.00,0,0,Ling Long
ШГТ-071, ,195/70 R15C LMB3 (Linglong),"1,160.00",0,0,Ling Long
ШГТ-072, ,205/70 R15 LL700 (Linglong),"1,050.00",0,0,Ling Long
ШГТ-073, ,175/65 R14 Green-Max HP (Linglong),730.00,0,0,Ling Long
ШГТ-074, ,235/65 R17 L788 (Linglong),"1,730.00",0,0,Ling Long
ШГТ-075, ,185/70 R14 LL700 (Linglong),790.00,0,0,Ling Long
шл-008, ,185/65 R15 Green-Max HP (Linglong),830.00,0,0,Ling Long
шл-010, ,205/55 R16 Green-Max HP (Linglong),980.00,0,0,Ling Long
шл-011, ,215/55 R16 XL Green-Max (Linglong),"1,220.00",0,0,Ling Long
шл-012, ,225/45 R18 XL Green-Max (Linglong),"1,340.00",0,0,Ling Long
шл-013, ,225/45 R17 XL Green-Max (Linglong),"1,270.00",0,0,Ling Long
шл-014, ,225/50 R17 XL Green-Max (Linglong),"1,340.00",0,0,Ling Long
шл-015, ,245/45 R17 XL Green-Max (Linglong),"1,390.00",0,0,Ling Long
ШЛ-017, ,255/45 R18 XL Green-Max (Linglong),"1,560.00",0,0,Ling Long
ШЛ-018, ,205/60 R15 Green-Max HP (Linglong),870.00,0,0,Ling Long
16285, ,205/70 R14 LL700 (Linglong),980.00,0,0,Ling Long
ШЛ-020, ,205/55 R16 XL Green-Max (Linglong),"1,120.00",0,0,Ling Long
ШЛ-028, ,195/65 R15 Green-Max Eco Touring (Linglong),840.00,0,0,Ling Long
ШЛ-022, ,195/55 R15 Green-Max HP (Linglong),820.00,0,0,Ling Long
ШЛ-023, ,185/65 R15 Green-Max Eco Touring (Linglong),810.00,0,0,Ling Long
ШЛ-024, ,185/65 R14 Green-Max Eco Touring (Linglong),780.00,0,0,Ling Long
ШЛ-025, ,175/70 R13 LL700 (Linglong),690.00,0,0,Ling Long
ШЛ-026, ,175/70 R13 Green-Max Eco Touring (Linglong),690.00,0,0,Ling Long
ШГТ-077, ,155 R12C RADIAL666 (Linglong),720.00,0,0,Ling Long
ШЛ-029, ,195/65 R15 Green-Max HP (Linglong),860.00,0,0,Ling Long
ШЛ-031, ,175/65 R14 Green-Max Eco Touring (Linglong),730.00,0,0,Ling Long
шл-033, ,205/65 R15 Green-Max HP (Linglong),890.00,0,0,Ling Long
ШЛ-034, ,235/45 R17 XL Green-Max (Linglong),"1,370.00",0,0,Ling Long
ШЛ-035, ,185/65 R14 Green-Max HP (Linglong),790.00,0,0,Ling Long
ШЛ-037, ,185/70 R14 Green-Max Eco Touring (Linglong),790.00,0,0,Ling Long
ШЛ-038, ,165/70 R14 Green-Max Eco Touring (Linglong),670.00,0,0,Ling Long
ШЛ-039, ,175/70 R14 Green-Max Eco Touring (Linglong),750.00,0,0,Ling Long
ШГТ-078, ,165 R13C LMC9 (Linglong),830.00,0,0,Ling Long
ШГТ-079, ,235/65 R16C RADIAL666 (Linglong),"1,480.00",0,0,Ling Long
ШГТ-080, ,215/65 R16C RADIAL666 (Linglong),"1,480.00",0,0,Ling Long
ШГТ-081, ,195/75 R16C RADIAL666 (Linglong),"1,380.00",0,0,Ling Long
ШГТ-082, ,205/65 R16C RADIAL666 (Linglong),"1,340.00",0,0,Ling Long
16256, ,185/60 R15 Cross Wind HP10 (Linglong),790.00,0,0,Ling Long
16257, ,185/65 R15 Cross Wind HP10 (Linglong),790.00,0,0,Ling Long
16298, ,185/70 R14 Cross Wind HP10 (Linglong),790.00,0,0,Ling Long
16289, ,195/70 R14 Cross Wind HP10 (Linglong),860.00,0,0,Ling Long
16283, ,195/60 R15 Cross Wind HP10 (Linglong),820.00,0,0,Ling Long
16284, ,195/65 R15 Cross Wind HP10 (Linglong),840.00,0,0,Ling Long
16262, ,205/60 R15 Cross Wind HP10 (Linglong),860.00,0,0,Ling Long
16263, ,205/65 R15 Cross Wind HP10 (Linglong),890.00,0,0,Ling Long
16264, ,205/55 R16 Cross Wind HP10 (Linglong),980.00,0,0,Ling Long
16267, ,215/60 R16 Cross Wind HP10 (Linglong),"1,220.00",0,0,Ling Long
16265, ,205/60 R16 Cross Wind HP10 (Linglong),"1,090.00",0,0,Ling Long
16266, ,215/55 R17 Cross Wind HP10 (Linglong),"1,290.00",0,0,Ling Long
16268, ,215/60 R17 Cross Wind HP10 (Linglong),"1,340.00",0,0,Ling Long
16269, ,215/65 R16 Cross Wind HP10 (Linglong),"1,280.00",0,0,Ling Long
16270, ,215/65 R17 Cross Wind HP10 (Linglong),"1,360.00",0,0,Ling Long
16271, ,225/55 R16 Cross Wind HP10 (Linglong),"1,330.00",0,0,Ling Long
16272, ,225/55 R17 Cross Wind HP10 (Linglong),"1,390.00",0,0,Ling Long
16273, ,225/55 R18 Cross Wind HP10 (Linglong),"1,540.00",0,0,Ling Long
16274, ,225/60 R16 Cross Wind HP10 (Linglong),"1,310.00",0,0,Ling Long
16275, ,225/60 R17 Cross Wind HP10 (Linglong),"1,470.00",0,0,Ling Long
16276, ,225/65 R16 Cross Wind HP10 (Linglong),"1,410.00",0,0,Ling Long
16277, ,225/65 R17 Cross Wind HP10 (Linglong),"1,480.00",0,0,Ling Long
16278, ,235/55 R17 Cross Wind HP10 (Linglong),"1,470.00",0,0,Ling Long
16279, ,235/60 R16 Cross Wind HP10 (Linglong),"1,470.00",0,0,Ling Long
16280, ,235/65 R16 Cross Wind HP10 (Linglong),"1,490.00",0,0,Ling Long
16281, ,235/65 R17 Cross Wind HP10 (Linglong),"1,540.00",0,0,Ling Long
16282, ,235/65 R18 Cross Wind HP10 (Linglong),"1,770.00",0,0,Ling Long
16283-1, ,155/70 R13 Green-Max Eco Touring (Linglong),580.00,0,0,Ling Long
16284-1, ,165/70 R13 Green-Max Eco Touring (Linglong),620.00,0,0,Ling Long
ШГТ-099, ,185 R14C RADIAL666  (Linglong),980.00,0,0,Ling Long
16291, ,265/70 R16 Crosswind A/T (Linglong),"1,950.00",0,0,Ling Long
16292, ,235/70 R16 Crosswind A/T (Linglong),"1,680.00",0,0,Ling Long
267528, ,215/60 R15 Cross Wind HP10 (Linglong),"1,130.00",0,0,Ling Long
16299, ,185/65 R15 XL Green-Max Eco Touring (Linglong),830.00,0,0,Ling Long
16293, ,185/70 R13 LL700 (Linglong),720.00,0,0,Ling Long
16294, ,235/60 R17 Cross Wind HP10 (Linglong),"1,520.00",0,0,Ling Long
16295, ,195/70 R14 LL700 (Linglong),820.00,0,0,Ling Long
16296, ,205/50 R16 Green-Max Eco Touring (Linglong),920.00,0,0,Ling Long
16297, ,185/55 R15 Green-Max HP (Linglong),780.00,0,0,Ling Long
16302, ,175/75 R16C RADIAL666 (Linglong),"1,220.00",0,0,Ling Long
16299, ,205/50 R16 Cross Wind HP10 (Linglong),920.00,0,0,Ling Long
16300, ,195/75 R14C RADIAL666 (Linglong),"1,170.00",0,0,Ling Long
16301, ,185/60 R15 Green-Max HP (Linglong),790.00,0,0,Ling Long
16311, ,31*10.50 R15 Cross Wind H/T (Linglong),"2,340.00",0,0,Ling Long
16369, ,245/70 R16 Crosswind A/T (Linglong),"1,770.00",0,0,Ling Long
16370, ,265/65 R17 Crosswind A/T (Linglong),"1,960.00",0,0,Ling Long
16371, ,265/70 R17 Crosswind A/T (Linglong),"2,150.00",0,0,Ling Long
16372, ,245/65 R17 Crosswind A/T (Linglong),"1,870.00",0,0,Ling Long
ШГТ-061, ,185/60 R14 R650 (Linglong),720.00,1,0,Ling Long
16344, ,225/45 R17 XL Winter Max UPH (Linglong),"1,330.00",1,0,Ling Long
шл-001, ,195/65 R15 R650 (Linglong),870.00,1,0,Ling Long
шл-002, ,185/70 R14 R650 (Linglong),810.00,1,0,Ling Long
шл-003, ,175/65 R14 R650 (Linglong),720.00,1,0,Ling Long
шл-004, ,215/55 R16 R650 (Linglong),"1,220.00",1,0,Ling Long
16332, ,205/60 R16 Winter Max HP (Linglong),"1,160.00",1,0,Ling Long
шл-006, ,165/70 R13 R650 (Linglong),650.00,1,0,Ling Long
шл-007, ,155/70 R13 R650 (Linglong),580.00,1,0,Ling Long
16343, ,225/45 R17 XL Winter Max Grip (Linglong) (под шипы),"1,330.00",1,0,Ling Long
16345, ,225/50 R17 XL Winter Max UPH (Linglong),"1,440.00",1,0,Ling Long
16342, ,215/75 R16C Winter Max Van (Linglong),"1,660.00",1,0,Ling Long
ШЛ-030, ,185/65 R14 R650 (Linglong),770.00,1,0,Ling Long
16346, ,225/55 R16 XL Winter Max UPH (Linglong),"1,340.00",1,0,Ling Long
ШЛ-040, ,175/70 R13 R650 (Linglong),660.00,1,0,Ling Long
ШЛ-041, ,175/70 R14 R650 (Linglong),740.00,1,0,Ling Long
ШЛ-042, ,185/65 R15 R650 (Linglong),830.00,1,0,Ling Long
ШЛ-043, ,205/65 R15 R650 (Linglong),970.00,1,0,Ling Long
ШЛ-044, ,185/60 R15 R650 (Linglong),830.00,1,0,Ling Long
ШЛ-045, ,165/70 R14 R650 (Linglong),700.00,1,0,Ling Long
ШЛ-046, ,195/60 R15 R650 (Linglong),900.00,1,0,Ling Long
ШЛ-047, ,205/55 R16 R650 (Linglong),"1,090.00",1,0,Ling Long
ШЛ-048, ,155/80 R13 R650 (Linglong),620.00,1,0,Ling Long
16242, ,195/70 R15C TR737 (Triangle),"1,220.00",1,0,Ling Long
16143, ,185/75 R16C TR737 (Triangle),"1,380.00",1,0,Ling Long
16244, ,215/50 R17 XL Winter Max Grip (Linglong) (под шипы),"1,440.00",1,0,Ling Long
16245, ,215/55 R17 Winter Max UPH (Linglong),"1,410.00",1,0,Ling Long
16246, ,215/65 R16 Winter Max Grip (Linglong) (под шипы),"1,360.00",1,0,Ling Long
16247, ,215/65 R16 TR777 (Triangle),"1,320.00",1,0,Triangle
16248, ,215/60 R17 TR777 (Triangle),"1,440.00",1,0,Triangle
16249, ,225/55 R17 TR777 (Triangle),"1,470.00",1,0,Triangle
16250, ,225/60 R16 TR777 (Triangle),"1,380.00",1,0,Triangle
16251, ,225/60 R17 TR777 (Triangle),"1,570.00",1,0,Triangle
16252, ,225/65 R17 TR777 (Triangle),"1,580.00",1,0,Triangle
16253, ,235/55 R17 TR777 (Triangle),"1,560.00",1,0,Triangle
16254-1, ,235/60 R18 TR777 (Triangle),"1,900.00",1,0,Triangle
16255-1, ,255/55 R18 TR777 (Triangle),"2,080.00",1,0,Triangle
16256, ,275/65 R18 TR787 (Triangle),"2,720.00",1,0,Triangle
16257, ,225/55 R16 TR778 (Triangle),"1,370.00",1,0,Triangle
16258, ,265/65 R17 TR797 (Triangle),"2,050.00",1,0,Triangle
16259, ,225/70 R15C S110 (Winter Rotala),"1,480.00",1,0,
16260,,185 R14C S110 (Winter Rotala),"1,040.00",1,0,
16261, ,205/60 R16 XL Winter Max Grip (Linglong) (под шипы),"1,220.00",1,0,Ling Long
16360, ,235/65 R17 Crosswind H/T (Linglong),"1,590.00",1,0,Ling Long
16361, ,245/65 R17 Crosswind H/T (Linglong),"1,660.00",1,0,Ling Long
16262-1, ,245/70 R16 Crosswind H/T (Linglong),"1,720.00",1,0,Ling Long
16263-1, ,245/75 R16 Crosswind H/T (Linglong),"2,060.00",1,0,Ling Long
16254, ,265/65 R17 Crosswind H/T (Linglong),"1,910.00",1,0,Ling Long
16255, ,265/70 R17 Crosswind H/T (Linglong),"1,990.00",1,0,Ling Long
16290, ,255/70 R16 Crosswind H/T (Linglong),"1,740.00",1,0,Ling Long
16303, ,155/70 R13 Winter Max HP (Linglong),585.00,1,0,Ling Long
16304, ,165/70 R13 Winter Max HP (Linglong),650.00,1,0,Ling Long
16305, ,165/70 R14 Winter Max HP (Linglong),700.00,1,0,Ling Long
16306, ,175/65 R14 Winter Max HP (Linglong),730.00,1,0,Ling Long
16307, ,175/65 R15 R650 (Linglong),790.00,1,0,Ling Long
16308, ,175/65 R15 Winter Max HP (Linglong),795.00,1,0,Ling Long
16309, ,175/70 R13 Winter Max HP (Linglong),660.00,1,0,Ling Long
16310, ,175/70 R14 Winter Max HP (Linglong),740.00,1,0,Ling Long
16311, ,175/75 R16C Winter Max Van (Linglong),"1,290.00",1,0,Ling Long
16312, ,185/60 R14 Winter Max HP (Linglong),720.00,1,0,Ling Long
16313, ,185/60 R15 Winter Max HP (Linglong),830.00,1,0,Ling Long
16314, ,185/65 R14 Winter Max HP (Linglong),770.00,1,0,Ling Long
16315, ,185/65 R15 Winter Max Grip (Linglong) (под шипы),890.00,1,0,Ling Long
16316, ,185/65 R15 Winter Max HP (Linglong),850.00,1,0,Ling Long
16317, ,185/70 R14 XL Winter Max Grip (Linglong) (под шипы),890.00,1,0,Ling Long
16318, ,185/75 R16C Winter Max Van (Linglong),"1,340.00",1,0,Ling Long
16319, ,185 R14C Winter Max Van (Linglong),"1,040.00",1,0,Ling Long
16320, ,195/55 R15 R650 (Linglong),890.00,1,0,Ling Long
16321, ,195/55 R15 Winter Max UPH (Linglong),890.00,1,0,Ling Long
16322, ,195/55 R16 XL Winter Max UPH (Linglong),990.00,1,0,Ling Long
16323, ,195/60 R15 Winter Max HP (Linglong),900.00,1,0,Ling Long
16324, ,195/60 R15 XL Winter Max Grip (Linglong) (под шипы),960.00,1,0,Ling Long
16325, ,195/65 R15 Winter Max HP (Linglong),890.00,1,0,Ling Long
16326, ,195/65 R15 XL Winter Max Grip (Linglong) (под шипы),970.00,1,0,Ling Long
16327, ,195/70 R15C Winter Max Van (Linglong),"1,220.00",1,0,Ling Long
16328, ,195/75 R16C Winter Max Van (Linglong),"1,490.00",1,0,Ling Long
16329, ,195 R14C Winter Max Van (Linglong),"1,140.00",1,0,Ling Long
16330, ,205/55 R16 Winter Max HP (Linglong),"1,090.00",1,0,Ling Long
16331, ,205/55 R16 XL Winter Max Grip (Linglong) (под шипы),"1,160.00",1,0,Ling Long
16333, ,205/65 R15 Winter Max HP (Linglong),970.00,1,0,Ling Long
16334, ,205/65 R15 XL Winter Max Grip (Linglong) (под шипы),"1,150.00",1,0,Ling Long
16335, ,205/70 R15 Winter Max HP (Linglong),"1,180.00",1,0,Ling Long
16336, ,205/75 R16C Winter Max Van (Linglong),"1,590.00",1,0,Ling Long
16337, ,215/55 R16 Winter Max HP (Linglong),"1,220.00",1,0,Ling Long
16338, ,215/50 R17 XL Winter Max UPH (Linglong),"1,410.00",1,0,Ling Long
16341, ,215/55 R16 XL Winter Max Grip (Linglong) (под шипы),"1,320.00",1,0,Ling Long
16339, ,215/60 R16 Winter Max HP (Linglong),"1,290.00",1,0,Ling Long
16340, ,215/65 R16 Winter Max HP (Linglong),"1,320.00",1,0,Ling Long
16347, ,225/55 R17 Winter Max Grip (Linglong) (под шипы),"1,540.00",1,0,Ling Long
16348, ,225/55 R17 XL Winter Max UPH (Linglong),"1,470.00",1,0,Ling Long
16349, ,225/55 R18 Winter Max Grip (под шипы),"1,620.00",1,0,Ling Long
16350, ,225/60 R16 XL Winter Max UPH (Linglong),"1,380.00",1,0,Ling Long
16351, ,225/65 R17 XL Winter Max Grip (под шипы),"1,580.00",1,0,Ling Long
16352, ,225/65 R16C Winter Max Van (Linglong),"1,630.00",1,0,Ling Long
16353, ,225/70 R15C Winter Max Van (Linglong),"1,580.00",1,0,Ling Long
16354, ,225/75 R16C Winter Max Van (Linglong),"1,620.00",1,0,Ling Long
16355, ,235/45 R18 XL Winter Max UPH (Linglong),"1,530.00",1,0,Ling Long
16356, ,235/55 R17 XL Winter Max UPH (Linglong),"1,560.00",1,0,Ling Long
16357, ,235/60 R17 XL Winter Max Grip (под шипы),"1,650.00",1,0,Ling Long
16358, ,235/65 R17 XL Winter Max Grip (под шипы),"1,660.00",1,0,Ling Long
16359, ,235/65 R16C Winter Max Van (Linglong),"1,750.00",1,0,Ling Long
16388, ,185/65 R14 XL Winter Max Grip (Linglong) (под шипы),870.00,1,0,Ling Long
16389, ,245/40 R18 XL Winter Max UPH (Linglong),"1,540.00",1,0,Ling Long
16398, ,255/55 R18 XL Winter Max Grip (под шипы),"2,080.00",1,0,
16362, ,275/45 R20 XL Winter Max Grip (под шипы),"2,360.00",1,0,
16363, ,275/55 R20 XL Winter Max Grip (под шипы),"2,540.00",1,0,
16364, ,275/60 R18 XL Winter Max Grip (под шипы),"2,360.00",1,0,
16402, ,215/70 R16 TR777 (Triangle),"1,390.00",1,0,Triangle
16365, ,265/70 R17 TR787 (Triangle),"2,820.00",1,0,Triangle
16366, ,175/65 R14 Winter Max Grip (Linglong) (под шипы),770.00,1,0,Ling Long
16367, ,205/60 R15 XL R650 (Linglong),"1,030.00",1,0,Ling Long
16368, ,235/85 R16 Crosswind H/T (Linglong),"2,170.00",1,0,Ling Long
ШГТ-042, ,185/65 R14 LMA7 (Linglong),730.00,1,0,Ling Long
16390, ,195 R14C Bel-78,860.00,1,0,
16391, ,195/70 R15C Bel-171,860.00,1,0,
16392, ,175/65 R14 Bel-227,560.00,1,0,
16395, ,205/55 R16 Bel-207,840.00,1,0,
16393, ,195/65 R15 Bel-119,730.00,1,0,
16394, ,205/70 R15C Bel-143,830.00,1,0,
16396, ,205/70 R15 Bel-121,840.00,1,0,
16397, ,185/70 R14 Bel-97,590.00,1,0,
16399, ,175/70 R13 Bel-188,580.00,1,0,
16400, ,185/65 R15 Bel-287,670.00,1,0,
16403, ,195/65 R15 Bel-247,800.00,1,0,
ШГТ-001,Прицепная,435/50 R19.5 PR20 T820 (Linglong),"6,100.00",0,0,Ling Long
ШГТ-006,Передняя ось,315/80 R22.5 PR18 FE805 (LingLong),"4,870.00",0,0,Ling Long
ШГТ-009,Прицепная,445/65 R22.5 PR20 LA38 (Linglong),"7,950.00",0,0,Ling Long
ШГТ-010,Прицепная/передняя ось,245/70 R19.5 PR16 F820 (Linglong),"2,950.00",0,0,Ling Long
ШГТ-011,Прицепная,445/45 R19.5 PR20 T820 (Linglong),"6,100.00",0,0,Ling Long
ШГТ-012,Передняя ось,315/70 R22.5 PR16 F805 (Linglong),"4,480.00",0,0,Ling Long
ШГТ-013,Задняя ось,235/75 R17.5 PR18 D905 (Linglong),"2,680.00",0,0,Ling Long
ШГТ-014,Задняя ось,215/75 R17.5 PR16 D905 (Linglong),"2,450.00",0,0,Ling Long
ШГТ-015,Задняя ось,295/80 R22.5 PR16 D905 (Linglong),"4,380.00",0,0,Ling Long
ШГТ-016,Задняя ось,315/70 R22.5 PR16 D905 (Linglong),"4,580.00",0,0,Ling Long
ШГТ-017,Задняя ось,315/60 R22.5 PR16 D915 (Linglong),"4,280.00",0,0,Ling Long
ШГТ-025,Задняя ось,295/60 R22.5 PR16 D915 (Linglong),"3,850.00",0,0,Ling Long
ШГТ-018,Передняя ось/задняя,315/80 R22.5 PR18 LLF02 (Linglong),"4,870.00",0,0,Ling Long
ШГТ-019,Передняя ось/задняя,295/80 R22.5 PR16 LLF02 (Linglong),"4,350.00",0,0,Ling Long
ШГТ-020,Передняя ось,295/60 R22.5 PR16 LLF01 (Linglong),"3,750.00",0,0,Ling Long
ШГТ-021,Задняя ось,315/80 R22.5 PR20 LLD01 (Linglong),"4,980.00",0,0,Ling Long
ШГТ-022,Прицепная,425/65 R22.5 PR20 LLA38 (Linglong),"7,600.00",0,0,Ling Long
ШГТ-023,Задняя ось карьерная,315/80 R22.5 PR20 D960 (Linglong),"4,990.00",0,0,Ling Long
ШГТ-024,Задняя ось/Передняя ось,11 R22.5 PR16 LLF06 (Linglong),"3,850.00",0,0,Ling Long
ШГТ-026,Прицепная,385/65 R22.5 PR20 LLA18 (Linglong),"5,480.00",0,0,Ling Long
ШГТ-027,Прицепная,385/55 R22.5 PR20 T830 (Linglong),"5,570.00",0,0,Ling Long
ШГТ-028,Передняя ось/Прицепная,275/70 R22.5 PR16 F820 (Linglong),"3,360.00",0,0,Ling Long
ШГТ-029,Прицепная,265/70 R19.5 PR16 F820 (Linglong),"3,250.00",0,0,Ling Long
ШГТ-037,Задняя ось,315/80 R22.5 PR18 LLD01 (Linglong),"4,850.00",0,0,Ling Long
ШГТ-039,задняя ось,295/80 R22.5 PR16 LDE803 (Linglong),"4,500.00",0,0,Ling Long
ШГТ-040,Передняя ось,315/60 R22.5 PR16 LLF01 (Linglong),"4,150.00",0,0,Ling Long
ШГТ-041,Прицепная,235/75 R17.5 PR18 LLA78 (Linglong),"2,580.00",0,0,Ling Long
ШГТ-062,Прицепная,215/75 R17.5 PR16 LLF86 (Linglong),"2,450.00",0,0,Ling Long
ШГТ-043,Задняя ось,275/70 R22.5 PR16 D905 (Linglong),"3,470.00",0,0,Ling Long
ШГТ-051,Прицепная,385/65 R22.5 PR20 LLA38 (Linglong),"5,480.00",0,0,Ling Long
ШГТ-055,Передняя ось,295/80 R22.5 PR16 FE805 (Linglong),"4,350.00",0,0,Ling Long
ШГТ-053,Передняя ось,295/60 R22.5 PR16 LLF02 (Linglong),"3,750.00",0,0,Ling Long
ШГТ-056,Передняя ось,315/80 R22.5 PR20 LLF06 (Linglong),"4,950.00",0,0,Ling Long
ШГТ-057,Задняя ось,"13 R22,5 PR18 D960 (Linglong)","5,700.00",0,0,Ling Long
ШГТ-058,Передняя ось,"13 R22,5 PR18 LLA01 (Linglong)","5,600.00",0,0,Ling Long
ШГТ-059,Передняя ось,315/80 R22.5 PR20 LLA08 (Linglong),"4,950.00",0,0,Ling Long
ШГТ-064,Задняя ось/Передняя ось,11 R22.5 PR16 LLD27 (Linglong),"3,980.00",0,0,Ling Long
ШГТ-068,Передняя ось,275/70 R22.5 PR16 F805 (Linglong),"3,360.00",0,0,Ling Long
ШГТ-069,передняя ось,"285/70 R19,5 PR18 F820 (Linglong)","3,870.00",0,0,Ling Long
ШГТ-084,Прицепная,255/70 R22.5 PR16 F820 (Linglong),"3,680.00",0,0,Ling Long
ШГТ-083,Прицепная,"385/55 R19,5 PR18 T820 (Linglong)","5,570.00",0,0,Ling Long
ШГТ-085,Задняя ось,275/70 R22.5 PR16 U801 (Linglong),"3,470.00",0,0,Ling Long
ШГТ-086,Задняя ось,245/70 R17.5 PR18 D905 (Linglong),"2,860.00",0,0,Ling Long
ШГТ-087,Прицепная/передняя ось,245/70 R17.5 PR18 LLA78 (Linglong),"2,820.00",0,0,Ling Long
ШГТ-088,Передняя ось/задняя,7.5 R16LT LMC4 (Linglong),"1,770.00",0,0,Ling Long
ШГТ-089,заняя ось зимняя,295/80 R22.5 PR16 DW807 (Linglong),"4,440.00",0,0,Ling Long
ШГТ-090,заняя ось зимняя,315/70 R22.5 PR16 DW807 (Linglong),"4,650.00",0,0,Ling Long
ШГТ-091,заняя ось зимняя,315/80 R22.5 PR18 DW807 (Linglong),"4,900.00",0,0,Ling Long
ШГТ-092,Прицепная,385/65 R22.5 PR18 A938 (Linglong),"5,300.00",0,0,Ling Long
ШГТ-093,Передняя ось,305/70 R19.5 PR18 T820 (Linglong),"5,980.00",0,0,Ling Long
ШГТ-094,Задняя ось,265/70 R19.5 PR16 D960 (Linglong),"3,480.00",0,0,Ling Long
ШГТ-096,Передняя ось,215/75 R17.5 PR16 F855 (Linglong),"2,450.00",0,0,Ling Long
ШГТ-095,Задняя ось,245/70 R19.5 PR16 D955 (Linglong),"3,180.00",0,0,Ling Long
ШГТ-097,Задняя ось,9.5 R17.5  PR18 D960 (Linglong),"2,760.00",0,0,Ling Long
ШГТ-098,Передняя ось/Прицепная,9.5 R17.5  PR18 LF26 (Linglong),"2,680.00",0,0,Ling Long
163120,Задняя ось,315/80 R22.5 PR20 LDL831 (Linglong),"5,780.00",0,0,Ling Long
ШГТ-035,Задняя ось,11.00-20 PR18 LA96 (Linglong) с камерой,"4,950.00",0,0,Ling Long
259251,Задняя ось,295/80 R22.5 PR16 BI867 (Falken),"6,600.00",0,0,Falken
281287,Передняя ось,295/80 R22.5 PR16 RI117 (Falken),"6,450.00",0,0,Falken
259283,Задняя ось,315/80 R22.5 PR18 BI867 (Falken),"7,380.00",0,0,Falken
259261,Передняя ось,315/80 R22.5 PR18 RI117 (Falken),"7,300.00",0,0,Falken
259407,Задняя ось,315/70 R22.5 PR16 BI867 (Falken),"7,200.00",0,0,Falken
259401,Передняя ось,315/70 R22.5 PR16 RI128 (Falken),"7,150.00",0,0,Falken
259419,Прицепная/Передняя ось,385/65 R22.5 PR20 RI117 (Falken),"7,400.00",0,0,Falken
266483,Прицепная/Передняя ось,385/65 R22.5 PR20 RI128 (Falken),"8,000.00",0,0,Falken
293435,Прицепная/Передняя ось,215/75 R17.5 PR16 RI128 (Falken),"3,500.00",0,0,Falken
293311,Прицепная/Передняя ось,235/75 R17.5 PR18 RI128 (Falken),"4,100.00",0,0,Falken
259345,Прицепная/Передняя ось,245/70 R19.5 PR18 RI128 (Falken),"4,150.00",0,0,Falken
259381,Задняя ось,265/70 R19.5 PR18 MI527 (Falken),"4,900.00",0,0,Falken
259371,Прицепная/Передняя ось,265/70 R19.5 PR18 RI128 (Falken),"4,500.00",0,0,Falken
306275,Прицепная/Передняя ось,385/55 R22.5 PR20 RI128 (Falken),"8,150.00",0,0,Falken
305881,Передняя ось,315/60 R22.5 PR20 RI128 (Falken),"7,400.00",0,0,Falken
259271,Задняя ось,315/80 R22.5 PR20 GI307 (Falken),"7,380.00",0,0,Falken
259153, ,13 R22.5 PR18 GI307 (Falken),"7,900.00",0,0,Falken
288775, ,13 R22.5 PR18 LI257 (Falken),"8,000.00",0,0,Falken
